{
  "missions": [{
      "id": "AS-201",
      "name": "",
      "launch_date": "02/26/1966",
      "end_date": "",
      "image": "",
      "wiki_href": "https://en.wikipedia.org/wiki/AS-201",
      "summary": "First flight of Saturn IB and Block I CSM; suborbital to Atlantic Ocean; qualified heat shield to orbital reentry speed",
      "vehicles": [],
      "crew": []
    },
    {
      "id": "AS-203",
      "name": "",
      "launch_date": "07/05/1966",
      "end_date": "",
      "image": "",
      "wiki_href": "https://en.wikipedia.org/wiki/AS-203",
      "summary": "No spacecraft; observations of liquid hydrogen fuel behavior in orbit, to support design of S-IVB restart capability.",
      "vehicles": [],
      "crew": []
    },
    {
      "id": "AS-202",
      "name": "",
      "launch_date": "08/25/1966",
      "end_date": "",
      "image": "",
      "wiki_href": "https://en.wikipedia.org/wiki/AS-202",
      "summary": "Suborbital flight of CSM to Pacific Ocean. ",
      "vehicles": [],
      "crew": []
    },
    {
      "id": "AS-204",
      "name": "Apollo 1",
      "launch_date": "",
      "end_date": "",
      "image": "apollo-1.jpg",
      "wiki_href": "https://en.wikipedia.org/wiki/Apollo_1",
      "summary": "Not flown; all crew members perished in fire on launch pad on January 27, 1967",
      "vehicles": [],
      "crew": []
    },
    {
      "id": "AS-501",
      "name": "Apollo 4",
      "launch_date": "11/09/1967",
      "end_date": "",
      "image": "",
      "wiki_href": "https://en.wikipedia.org/wiki/Apollo_4",
      "summary": "First test flight of Saturn V, placed a CSM in a high Earth orbit; demonstrated S-IVB restart; qualified CM heat shield to lunar reentry speed",
      "vehicles": [],
      "crew": []
    },
    {
      "id": "AS-204",
      "name": "Apollo 5",
      "launch_date": "01/22/1968",
      "end_date": "01/23/1968",
      "image": "apollo-5.jpg",
      "wiki_href": "https://en.wikipedia.org/wiki/Apollo_5",
      "summary": "Earth orbital flight test of LM, launched on Saturn IB; demonstrated ascent and descent propulsion; man-rated the LM",
      "vehicles": [],
      "crew": []
    },
    {
      "id": "AS-502",
      "name": "Apollo 6",
      "launch_date": "04/04/1968",
      "end_date": "",
      "image": "",
      "wiki_href": "https://en.wikipedia.org/wiki/Apollo_6",
      "summary": "Unmanned, attempted demonstration of trans-lunar injection, and direct-return abort using SM engine; three engine failures, including failure of S-IVB restart. Flight controllers used SM engine to repeat Apollo 4's flight profile. Man-rated the Saturn V.",
      "vehicles": [],
      "crew": []
    },
    {
      "id": "AS-205",
      "name": "Apollo 7",
      "launch_date": "10/11/1968",
      "end_date": "10/22/1968",
      "image": "apollo-7.jpg",
      "wiki_href": "https://en.wikipedia.org/wiki/Apollo_7",
      "summary": "First manned Earth orbital demonstration of Block II CSM, launched on Saturn IB. First live television publicly broadcast from a manned mission",
      "vehicles": [],
      "crew": []
    },
    {
      "id": "AS-503",
      "name": "Apollo 8",
      "launch_date": "12/21/1968",
      "end_date": "12/27/1968",
      "image": "apollo-8.jpg",
      "wiki_href": "https://en.wikipedia.org/wiki/Apollo_8",
      "summary": "First manned flight to Moon; CSM made 10 lunar orbits in 20 hours.",
      "vehicles": [],
      "crew": []
    },
    {
      "id": "AS-504",
      "name": "Apollo 9",
      "launch_date": "03/03/1969",
      "end_date": "05/13/1969",
      "image": "apollo-9.jpg",
      "wiki_href": "https://en.wikipedia.org/wiki/Apollo_9",
      "summary": "First manned flight of CSM and LM in Earth orbit; demonstrated Portable Life Support System to be used on the lunar surface",
      "vehicles": [],
      "crew": []
    },
    {
      "id": "AS-505",
      "name": "Apollo 10",
      "launch_date": "05/18/1969",
      "end_date": "05/26/1969",
      "image": "apollo-10.jpg",
      "wiki_href": "https://en.wikipedia.org/wiki/Apollo_10",
      "summary": "Dress rehearsal for first lunar landing; flew LM down to 50,000 feet (15 km) from lunar surface",
      "vehicles": [],
      "crew": []
    },
    {
      "id": "AS-506",
      "name": "Apollo 11",
      "launch_date": "07/16/1969",
      "end_date": "07/24/1969",
      "image": "apollo-11.jpg",
      "wiki_href": "https://en.wikipedia.org/wiki/Apollo_11",
      "summary": "First manned landing, in Tranquility Base, Sea of Tranquility. Surface EVA time: 2:31 hr. Samples returned: 47.51 pounds (21.55 kg)",
      "vehicles": [],
      "crew": []
    },
    {
      "id": "AS-507",
      "name": "Apollo 12",
      "launch_date": "11/14/1969",
      "end_date": "11/24/1969",
      "image": "apollo-12.jpg",
      "wiki_href": "https://en.wikipedia.org/wiki/Apollo_12",
      "summary": "Second landing, in Ocean of Storms near Surveyor 3 . Surface EVA time: 7:45 hr. Samples returned: 75.62 pounds (34.30 kg)",
      "vehicles": [],
      "crew": []
    },
    {
      "id": "AS-508",
      "name": "Apollo 13",
      "launch_date": "04/11/1970",
      "end_date": "04/17/1970",
      "image": "apollo-13.jpg",
      "wiki_href": "https://en.wikipedia.org/wiki/Apollo_13",
      "summary": "Third landing attempt aborted near the Moon, due to SM failure. Crew used LM as \"life boat\" to return to Earth.",
      "vehicles": [],
      "crew": []
    },
    {
      "id": "AS-509",
      "name": "Apollo 14",
      "launch_date": "01/31/1971",
      "end_date": "02/09/1971",
      "image": "apollo-14.jpg",
      "wiki_href": "https://en.wikipedia.org/wiki/Apollo_14",
      "summary": "Third landing, in Fra Mauro formation. Surface EVA time: 9:21 hr. Samples returned: 94.35 pounds (42.80 kg).",
      "vehicles": [],
      "crew": []
    },
    {
      "id": "AS-510",
      "name": "Apollo 15",
      "launch_date": "07/26/1971",
      "end_date": "08/07/1971",
      "image": "apollo-15.jpg",
      "wiki_href": "https://en.wikipedia.org/wiki/Apollo_15",
      "summary": "First Extended LM and rover, landed in Hadley-Apennine. Surface EVA time:18:33 hr. Samples returned: 169.10 pounds (76.70 kg).",
      "vehicles": [],
      "crew": []
    },
    {
      "id": "AS-511",
      "name": "Apollo 16",
      "launch_date": "04/16/1972",
      "end_date": "04/27/1972",
      "image": "apollo-16.jpg",
      "wiki_href": "https://en.wikipedia.org/wiki/Apollo_16",
      "summary": "Landed in Plain of Descartes. Surface EVA time: 20:14 hr. Samples returned: 207.89 pounds (94.30 kg).",
      "vehicles": [],
      "crew": []
    },
    {
      "id": "AS-512",
      "name": "Apollo 17",
      "launch_date": "12/07/1972",
      "end_date": "12/19/1972",
      "image": "apollo-17.jpg",
      "wiki_href": "https://en.wikipedia.org/wiki/Apollo_17",
      "summary": "Only Saturn V night launch. Landed in Taurus-Littrow. First geologist on the Moon. Final manned Moon landing. Surface EVA time: 22:02 hr. Samples returned: 243.40 pounds (110.40 kg).",
      "vehicles": [],
      "crew": []
    }
  ],
  "vehicles": [{
      "id": "Saturn IB"
    },
    {
      "id": "Saturn V"
    },
    {
      "id": "CSM-009"
    },
    {
      "id": "CSM-011"
    },
    {
      "id": "CSM-012"
    },
    {
      "id": "CSM-017"
    },
    {
      "id": "CM-020"
    },
    {
      "id": "SM-014"
    },
    {
      "id": "CSM-101"
    },
    {
      "id": "CSM-103"
    },
    {
      "id": "LM-1"
    },
    {
      "id": "CSM-104",
      "name": "Gumdrop"
    },
    {
      "id": "CSM-106",
      "name": "Charlie Brown"
    },
    {
      "id": "CSM-107",
      "name": "Columbia"
    },
    {
      "id": "CSM-108",
      "name": "Yankee Clipper"
    },
    {
      "id": "CSM-109",
      "name": "Odyssey"
    },
    {
      "id": "CSM-110",
      "name": "Kitty Hawk"
    },
    {
      "id": "CSM-112",
      "name": "Endeavour"
    },
    {
      "id": "CSM-113",
      "name": "Casper"
    },
    {
      "id": "CSM-114",
      "name": "America"
    },
    {
      "id": "LM-3",
      "name": "Spider"
    },
    {
      "id": "LM-4",
      "name": "Snoopy"
    },
    {
      "id": "LM-5",
      "name": "Eagle"
    },
    {
      "id": "LM-6",
      "name": "Intrepid"
    },
    {
      "id": "LM-7",
      "name": "Aquarius"
    },
    {
      "id": "LM-8",
      "name": "Antares"
    },
    {
      "id": "LM-10",
      "name": "Falcon"
    },
    {
      "id": "LM-11",
      "name": "Orion"
    },
    {
      "id": "LM-12",
      "name": "Challenger"
    }
  ],
  "astronauts": [{
      "id": 1,
      "first_name": "Buzz",
      "last_name": "Aldrin",
      "wiki_href": "https://en.wikipedia.org/wiki/Buzz_Aldrin",
      "image": "buzz-aldrin.jpg"
    },
    {
      "id": 2,
      "first_name": "William",
      "last_name": "Anders",
      "wiki_href": "https://en.wikipedia.org/wiki/William_Anders",
      "image": "william-anders.jpg"
    },
    {
      "id": 3,
      "first_name": "Neil",
      "last_name": "Armstrong",
      "wiki_href": "https://en.wikipedia.org/wiki/Neil_Armstrong",
      "image": "neil-armstrong.jpg"
    },
    {
      "id": 4,
      "first_name": "Alan",
      "last_name": "Bean",
      "wiki_href": "https://en.wikipedia.org/wiki/Alan_Bean",
      "image": "alan-bean.jpg"
    },
    {
      "id": 5,
      "first_name": "Frank",
      "last_name": "Borman",
      "wiki_href": "https://en.wikipedia.org/wiki/Frank_Borman",
      "image": "frank-borman.jpg"
    },
    {
      "id": 6,
      "first_name": "Gene",
      "last_name": "Cernan",
      "wiki_href": "https://en.wikipedia.org/wiki/Eugene_Cernan",
      "image": "gene-cernan.jpg"
    },
    {
      "id": 7,
      "first_name": "Roger",
      "last_name": "Chaffee",
      "wiki_href": "https://en.wikipedia.org/wiki/Roger_B._Chaffee",
      "image": "roger-chaffee.jpg"
    },
    {
      "id": 8,
      "first_name": "Michael",
      "last_name": "Collins",
      "wiki_href": "https://en.wikipedia.org/wiki/Michael_Collins_(astronaut)",
      "image": "michael-collins.jpg"
    },
    {
      "id": 9,
      "first_name": "Pete",
      "last_name": "Conrad",
      "wiki_href": "https://en.wikipedia.org/wiki/Pete_Conrad",
      "image": "pete-conrad.jpg"
    },
    {
      "id": 10,
      "first_name": "Walt",
      "last_name": "Cunningham",
      "wiki_href": "https://en.wikipedia.org/wiki/Walter_Cunningham",
      "image": "walt-cunningham.jpg"
    },
    {
      "id": 11,
      "first_name": "Charles",
      "last_name": "Duke",
      "wiki_href": "https://en.wikipedia.org/wiki/Charles_Duke",
      "image": "charles-duke.jpg"
    },
    {
      "id": 12,
      "first_name": "Donn",
      "last_name": "Eisele",
      "wiki_href": "https://en.wikipedia.org/wiki/Donn_F._Eisele",
      "image": "donn-eisele.jpg"
    },
    {
      "id": 13,
      "first_name": "Ronald",
      "last_name": "Evans",
      "wiki_href": "https://en.wikipedia.org/wiki/Ronald_Evans_(astronaut)",
      "image": "ronald-evans.jpg"
    },
    {
      "id": 14,
      "first_name": "Richard",
      "last_name": "Gordon",
      "wiki_href": "https://en.wikipedia.org/wiki/Richard_F._Gordon_Jr.",
      "image": "richard-gordon.jpg"
    },
    {
      "id": 15,
      "first_name": "Gus",
      "last_name": "Grissom",
      "wiki_href": "https://en.wikipedia.org/wiki/Gus_Grissom",
      "image": "gus-grissom.jpg"
    },
    {
      "id": 16,
      "first_name": "Fred",
      "last_name": "Haise",
      "wiki_href": "https://en.wikipedia.org/wiki/Fred_Haise",
      "image": "fred-haise.jpg"
    },
    {
      "id": 17,
      "first_name": "James",
      "last_name": "Irwin",
      "wiki_href": "https://en.wikipedia.org/wiki/James_Irwin",
      "image": "james-irwin.jpg"
    },
    {
      "id": 18,
      "first_name": "James",
      "last_name": "Lovell",
      "wiki_href": "https://en.wikipedia.org/wiki/Jim_Lovell",
      "image": "james-lovell.jpg"
    },
    {
      "id": 19,
      "first_name": "Ken",
      "last_name": "Mattingly",
      "wiki_href": "https://en.wikipedia.org/wiki/Ken_Mattingly",
      "image": "ken-mattingly.jpg"
    },
    {
      "id": 20,
      "first_name": "James",
      "last_name": "McDivitt",
      "wiki_href": "https://en.wikipedia.org/wiki/James_McDivitt",
      "image": "james-mcdivitt.jpg"
    },
    {
      "id": 21,
      "first_name": "Edgar",
      "last_name": "Mitchell",
      "wiki_href": "https://en.wikipedia.org/wiki/Edgar_Mitchell",
      "image": "edgar-mitchell.jpg"
    },
    {
      "id": 22,
      "first_name": "Stuart",
      "last_name": "Roosa",
      "wiki_href": "https://en.wikipedia.org/wiki/Stuart_Roosa",
      "image": "stuart-roosa.jpg"
    },
    {
      "id": 23,
      "first_name": "Wally",
      "last_name": "Schirra",
      "wiki_href": "https://en.wikipedia.org/wiki/Wally_Schirra",
      "image": "wally-schirra.jpg"
    },
    {
      "id": 24,
      "first_name": "Harrison",
      "last_name": "Schmitt",
      "wiki_href": "https://en.wikipedia.org/wiki/Harrison_Schmitt",
      "image": "harrison-schmitt.jpg"
    },
    {
      "id": 25,
      "first_name": "Russell",
      "last_name": "Schweickart",
      "wiki_href": "https://en.wikipedia.org/wiki/Rusty_Schweickart",
      "image": "russell-schweickart.jpg"
    },
    {
      "id": 26,
      "first_name": "David",
      "last_name": "Scott",
      "wiki_href": "https://en.wikipedia.org/wiki/David_Scott",
      "image": "david-scott.jpg"
    },
    {
      "id": 27,
      "first_name": "Alan",
      "last_name": "Shepard",
      "wiki_href": "https://en.wikipedia.org/wiki/Alan_Shepard",
      "image": "alan-shepard.jpg"
    },
    {
      "id": 28,
      "first_name": "Thomas",
      "last_name": "Stafford",
      "wiki_href": "https://en.wikipedia.org/wiki/Thomas_P._Stafford",
      "image": "thomas-stafford.jpg"
    },
    {
      "id": 29,
      "first_name": "Jack",
      "last_name": "Swigert",
      "wiki_href": "https://en.wikipedia.org/wiki/Jack_Swigert",
      "image": "jack-swigert.jpg"
    },
    {
      "id": 30,
      "first_name": "Ed",
      "last_name": "White",
      "wiki_href": "https://en.wikipedia.org/wiki/Edward_Higgins_White",
      "image": "ed-white.jpg"
    },
    {
      "id": 31,
      "first_name": "Alfred",
      "last_name": "Worden",
      "wiki_href": "https://en.wikipedia.org/wiki/Alfred_Worden",
      "image": "alfred-worden.jpg"
    },
    {
      "id": 32,
      "first_name": "John",
      "last_name": "Young",
      "wiki_href": "https://en.wikipedia.org/wiki/John_Young_(astronaut)",
      "image": "john-young.jpg"
    }
  ]
}
